Milestone ID,IDExtension,Related Records,Milestone Name,Plan Fragment ID,Project Tag Name,Record Status,MODVERSION
"SKY_ASSET_MLSTN_END","Asset","","END","SKY_ASSET_PLNFRG","","ACTIVE",3
"SKY_ASSET_MLSTN_START","Asset","","START","SKY_ASSET_PLNFRG","","ACTIVE",3
"SKY_SF_ACCOUNT_MLSTN_END","Account","","END","SKY_SF_ACCOUNT_PLNFRG","","ACTIVE",3
"SKY_SF_ACCOUNT_MLSTN_START","Account","","START","SKY_SF_ACCOUNT_PLNFRG","","ACTIVE",3
"SKY_SF_ORDER_MLSTN_END","Order","","END","SKY_SF_SFORDER_PLNFRG","","ACTIVE",3
"SKY_SF_ORDER_MLSTN_START","Order","","START","SKY_SF_SFORDER_PLNFRG","","ACTIVE",3
"SKY_ENTITLEMENT_MLSTN_END","Entitlement","","END","SKY_ENTITLEMENT_PLNFRG","","ACTIVE",3
"SKY_ENTITLEMENT_MLSTN_START","Entitlement","","START","SKY_ENTITLEMENT_PLNFRG","","ACTIVE",3
"SKY_SHIPPING_MLSTN_END","Shipping","","END","SKY_SHIPPING_PLNFRG","","ACTIVE",3
"SKY_SHIPPING_MLSTN_START","Shipping","","START","SKY_SHIPPING_PLNFRG","","ACTIVE",3
"SKY_BILLING_MLSTN_END","Billing","","END","SKY_BILLING_PLNFRG","","ACTIVE",3
"SKY_BILLING_MLSTN_START","Billing","","START","SKY_BILLING_PLNFRG","","ACTIVE",3
"SKY_B_ACCOUNT_MLSTN_END","BAccount","","END","SKY_B_ACCOUNT_PLNFRG","","ACTIVE",3
"SKY_B_ACCOUNT_MLSTN_START","BAccount","","START","SKY_B_ACCOUNT_PLNFRG","","ACTIVE",3
"SKY_EMAIL_MLSTN_START","Send Cancellation Email","","START","SKY_EMAIL_PLNFRG","","ACTIVE",4
"SKY_EMAIL_MLSTN_END","Send Cancellation Email","","END","SKY_EMAIL_PLNFRG","","ACTIVE",5
"SKY_ENTITLEMENT_SKYGO_MLSTN_START","Entitlement_skygo","","START","SKY_ENTITLEMENT_SKYGO_PLNFRG","","ACTIVE",2
"SKY_ENTITLEMENT_SKYGO_MLSTN_END","Entitlement_skygo","","END","SKY_ENTITLEMENT_SKYGO_PLNFRG","","ACTIVE",1
"SKY_NETFLIX_CANCELLATION_MLSTN_STAR","Cancelling netflix subcription","","START","SKY_NETFLIX_CANCELLATION_PLNFRG","","ACTIVE",5
"SKY_NETFLIX_CANCELLATION_MLSTN_END","Cancelling netflix subcription","","END","SKY_NETFLIX_CANCELLATION_PLNFRG","","ACTIVE",4
"SKY_NETFLIX_MLSTN_START","Netflix","","START","SKY_NETFLIX_PLNFRG","","ACTIVE",5
"SKY_NETFLIX_MLSTN_END","Netflix","","END","SKY_NETFLIX_PLNFRG","","ACTIVE",3
"SKY_ENTITLEMENT_SMARTCARD_START","Entitlement_Smartcard","","START","SKY_ENTITLEMENT_SMARTCARD_PLNFRG","","ACTIVE",3
"SKY_ENTITLEMENT_SMARTCARD_END","Entitlement_Smartcard","","END","SKY_ENTITLEMENT_SMARTCARD_PLNFRG","","ACTIVE",3
"SKY_EDG_START","","","START","SKY_SETEDG_PLNFRG","","ACTIVE",3
"SKY_EDG_END","","","END","SKY_SETEDG_PLNFRG","","ACTIVE",3
