parentID,parentIDExt,childID,childIDExt,parentVersion,childVersion,parentCatalogName,childCatalogName,relationshipName
SKY_ENTITLEMENT_PLNFRG,,SKY_ENTITLEMENT_MLSTN_END,Entitlement,2,3,PLANFRAGMENT,MILESTONE,PlanFragmentHasMilestone
SKY_ENTITLEMENT_PLNFRG,,SKY_ENTITLEMENT_MLSTN_START,Entitlement,2,3,PLANFRAGMENT,MILESTONE,PlanFragmentHasMilestone
SKY_EMAIL_PLNFRG,,SKY_EMAIL_MLSTN_START,Send Cancellation Email,9,4,PLANFRAGMENT,MILESTONE,PlanFragmentHasMilestone
SKY_EMAIL_PLNFRG,,SKY_EMAIL_MLSTN_END,Send Cancellation Email,9,5,PLANFRAGMENT,MILESTONE,PlanFragmentHasMilestone
SKY_BILLING_PLNFRG,,SKY_BILLING_MLSTN_END,Billing,8,3,PLANFRAGMENT,MILESTONE,PlanFragmentHasMilestone
SKY_BILLING_PLNFRG,,SKY_BILLING_MLSTN_START,Billing,8,3,PLANFRAGMENT,MILESTONE,PlanFragmentHasMilestone
SKY_B_ACCOUNT_PLNFRG,,SKY_B_ACCOUNT_MLSTN_END,BAccount,7,3,PLANFRAGMENT,MILESTONE,PlanFragmentHasMilestone
SKY_B_ACCOUNT_PLNFRG,,SKY_B_ACCOUNT_MLSTN_START,BAccount,7,3,PLANFRAGMENT,MILESTONE,PlanFragmentHasMilestone
SKY_ASSET_PLNFRG,,SKY_ASSET_MLSTN_END,Asset,8,3,PLANFRAGMENT,MILESTONE,PlanFragmentHasMilestone
SKY_ASSET_PLNFRG,,SKY_ASSET_MLSTN_START,Asset,8,3,PLANFRAGMENT,MILESTONE,PlanFragmentHasMilestone
SKY_ENTITLEMENT_SKYGO_PLNFRG,,SKY_ENTITLEMENT_SKYGO_MLSTN_END,Entitlement_skygo,8,1,PLANFRAGMENT,MILESTONE,PlanFragmentHasMilestone
SKY_SF_ACCOUNT_PLNFRG,,SKY_SF_ACCOUNT_MLSTN_END,Account,9,3,PLANFRAGMENT,MILESTONE,PlanFragmentHasMilestone
SKY_SF_ACCOUNT_PLNFRG,,SKY_SF_ACCOUNT_MLSTN_START,Account,9,3,PLANFRAGMENT,MILESTONE,PlanFragmentHasMilestone
SKY_SETEDG_PLNFRG,,SKY_EDG_START,,14,3,PLANFRAGMENT,MILESTONE,PlanFragmentHasMilestone
SKY_SETEDG_PLNFRG,,SKY_EDG_END,,14,3,PLANFRAGMENT,MILESTONE,PlanFragmentHasMilestone
SKY_SF_SFORDER_PLNFRG,,SKY_SF_ORDER_MLSTN_END,Order,9,3,PLANFRAGMENT,MILESTONE,PlanFragmentHasMilestone
SKY_SF_SFORDER_PLNFRG,,SKY_SF_ORDER_MLSTN_START,Order,9,3,PLANFRAGMENT,MILESTONE,PlanFragmentHasMilestone
SKY_NETFLIX_PLNFRG,,SKY_NETFLIX_MLSTN_START,Netflix,12,5,PLANFRAGMENT,MILESTONE,PlanFragmentHasMilestone
SKY_NETFLIX_PLNFRG,,SKY_NETFLIX_MLSTN_END,Netflix,12,3,PLANFRAGMENT,MILESTONE,PlanFragmentHasMilestone
SKY_ENTITLEMENT_SKYGO_PLNFRG,,SKY_ENTITLEMENT_SKYGO_MLSTN_START,Entitlement_skygo,8,2,PLANFRAGMENT,MILESTONE,PlanFragmentHasMilestone
SKY_ENTITLEMENT_SMARTCARD_PLNFRG,,SKY_ENTITLEMENT_SMARTCARD_START,Entitlement_Smartcard,16,3,PLANFRAGMENT,MILESTONE,PlanFragmentHasMilestone
SKY_ENTITLEMENT_SMARTCARD_PLNFRG,,SKY_ENTITLEMENT_SMARTCARD_END,Entitlement_Smartcard,16,3,PLANFRAGMENT,MILESTONE,PlanFragmentHasMilestone
SKY_NETFLIX_CANCELLATION_PLNFRG,,SKY_NETFLIX_CANCELLATION_MLSTN_STAR,Cancelling netflix subcription,10,5,PLANFRAGMENT,MILESTONE,PlanFragmentHasMilestone
SKY_NETFLIX_CANCELLATION_PLNFRG,,SKY_NETFLIX_CANCELLATION_MLSTN_END,Cancelling netflix subcription,10,4,PLANFRAGMENT,MILESTONE,PlanFragmentHasMilestone
SKY_SHIPPING_PLNFRG,,SKY_SHIPPING_MLSTN_END,Shipping,3,3,PLANFRAGMENT,MILESTONE,PlanFragmentHasMilestone
SKY_SHIPPING_PLNFRG,,SKY_SHIPPING_MLSTN_START,Shipping,3,3,PLANFRAGMENT,MILESTONE,PlanFragmentHasMilestone
