parentcatalogName,parentID,parentext,parentVersion,childcatalogName,childID,childext,childVersion,type,Condition,Project Tag Name
MILESTONE,SKY_ENTITLEMENT_SKYGO_MLSTN_START,Entitlement_skygo,2,MILESTONE,SKY_SF_ACCOUNT_MLSTN_END,Account,3,15553,,
MILESTONE,SKY_ENTITLEMENT_SKYGO_MLSTN_START,Entitlement_skygo,2,MILESTONE,SKY_NETFLIX_MLSTN_END,Netflix,3,15553,,
MILESTONE,SKY_ENTITLEMENT_SKYGO_MLSTN_START,Entitlement_skygo,2,MILESTONE,SKY_B_ACCOUNT_MLSTN_END,BAccount,3,15553,,
MILESTONE,SKY_ENTITLEMENT_SKYGO_MLSTN_START,Entitlement_skygo,2,MILESTONE,SKY_EDG_END,,3,15553,,
MILESTONE,SKY_ENTITLEMENT_SKYGO_MLSTN_START,Entitlement_skygo,2,MILESTONE,SKY_SF_ORDER_MLSTN_END,Order,3,15553,,
MILESTONE,SKY_ENTITLEMENT_SKYGO_MLSTN_START,Entitlement_skygo,2,MILESTONE,SKY_BILLING_MLSTN_END,Billing,3,15553,,
