parentID,parentIDExt,childID,childIDExt,parentVersion,childVersion,parentCatalogName,childCatalogName,relationshipName
SKY_ENTITLEMENT_SKYGO_MLSTN_START,Entitlement_skygo,SKY_SF_ACCOUNT_MLSTN_END,Account,2,3,MILESTONE,MILESTONE,MilestoneDependsOn
SKY_ENTITLEMENT_SKYGO_MLSTN_START,Entitlement_skygo,SKY_NETFLIX_MLSTN_END,Netflix,2,3,MILESTONE,MILESTONE,MilestoneDependsOn
SKY_ENTITLEMENT_SKYGO_MLSTN_START,Entitlement_skygo,SKY_B_ACCOUNT_MLSTN_END,BAccount,2,3,MILESTONE,MILESTONE,MilestoneDependsOn
SKY_ENTITLEMENT_SKYGO_MLSTN_START,Entitlement_skygo,SKY_EDG_END,,2,3,MILESTONE,MILESTONE,MilestoneDependsOn
SKY_ENTITLEMENT_SKYGO_MLSTN_START,Entitlement_skygo,SKY_SF_ORDER_MLSTN_END,Order,2,3,MILESTONE,MILESTONE,MilestoneDependsOn
SKY_ENTITLEMENT_SKYGO_MLSTN_START,Entitlement_skygo,SKY_BILLING_MLSTN_END,Billing,2,3,MILESTONE,MILESTONE,MilestoneDependsOn
SKY_ASSET_MLSTN_START,Asset,SKY_ASSET_MLSTN_END,Asset,3,3,MILESTONE,MILESTONE,MilestoneToMilestone
SKY_SF_ACCOUNT_MLSTN_START,Account,SKY_SF_ACCOUNT_MLSTN_END,Account,3,3,MILESTONE,MILESTONE,MilestoneToMilestone
SKY_SF_ORDER_MLSTN_START,Order,SKY_SF_ORDER_MLSTN_END,Order,3,3,MILESTONE,MILESTONE,MilestoneToMilestone
SKY_ENTITLEMENT_MLSTN_START,Entitlement,SKY_ENTITLEMENT_MLSTN_END,Entitlement,3,3,MILESTONE,MILESTONE,MilestoneToMilestone
SKY_SHIPPING_MLSTN_START,Shipping,SKY_SHIPPING_MLSTN_END,Shipping,3,3,MILESTONE,MILESTONE,MilestoneToMilestone
SKY_BILLING_MLSTN_START,Billing,SKY_BILLING_MLSTN_END,Billing,3,3,MILESTONE,MILESTONE,MilestoneToMilestone
SKY_B_ACCOUNT_MLSTN_START,BAccount,SKY_B_ACCOUNT_MLSTN_END,BAccount,3,3,MILESTONE,MILESTONE,MilestoneToMilestone
SKY_EMAIL_MLSTN_START,Send Cancellation Email,SKY_EMAIL_MLSTN_END,Send Cancellation Email,4,5,MILESTONE,MILESTONE,MilestoneToMilestone
SKY_NETFLIX_CANCELLATION_MLSTN_STAR,Cancelling netflix subcription,SKY_NETFLIX_CANCELLATION_MLSTN_END,Cancelling netflix subcription,5,4,MILESTONE,MILESTONE,MilestoneToMilestone
SKY_ENTITLEMENT_SMARTCARD_START,Entitlement_Smartcard,SKY_ENTITLEMENT_SMARTCARD_END,Entitlement_Smartcard,3,3,MILESTONE,MILESTONE,MilestoneToMilestone
SKY_NETFLIX_MLSTN_START,Netflix,SKY_NETFLIX_MLSTN_END,Netflix,5,3,MILESTONE,MILESTONE,MilestoneToMilestone
SKY_EDG_START,,SKY_EDG_END,,3,3,MILESTONE,MILESTONE,MilestoneToMilestone
SKY_ENTITLEMENT_SKYGO_MLSTN_START,Entitlement_skygo,SKY_ENTITLEMENT_SKYGO_MLSTN_END,Entitlement_skygo,2,1,MILESTONE,MILESTONE,MilestoneToMilestone
