parentcatalogName,parentID,parentext,parentVersion,childcatalogName,childID,childext,childVersion,type,Typical Duration,Maximum Duration,Project Tag Name,Typical Duration UoM,Maximum Duration UoM
MILESTONE,SKY_ASSET_MLSTN_START,Asset,3,MILESTONE,SKY_ASSET_MLSTN_END,Asset,3,15554,,,,,
MILESTONE,SKY_SF_ACCOUNT_MLSTN_START,Account,3,MILESTONE,SKY_SF_ACCOUNT_MLSTN_END,Account,3,15554,,,,,
MILESTONE,SKY_SF_ORDER_MLSTN_START,Order,3,MILESTONE,SKY_SF_ORDER_MLSTN_END,Order,3,15554,,,,,
MILESTONE,SKY_ENTITLEMENT_MLSTN_START,Entitlement,3,MILESTONE,SKY_ENTITLEMENT_MLSTN_END,Entitlement,3,15554,,,,,
MILESTONE,SKY_SHIPPING_MLSTN_START,Shipping,3,MILESTONE,SKY_SHIPPING_MLSTN_END,Shipping,3,15554,,,,,
MILESTONE,SKY_BILLING_MLSTN_START,Billing,3,MILESTONE,SKY_BILLING_MLSTN_END,Billing,3,15554,,,,,
MILESTONE,SKY_B_ACCOUNT_MLSTN_START,BAccount,3,MILESTONE,SKY_B_ACCOUNT_MLSTN_END,BAccount,3,15554,,,,,
MILESTONE,SKY_EMAIL_MLSTN_START,Send Cancellation Email,4,MILESTONE,SKY_EMAIL_MLSTN_END,Send Cancellation Email,5,15554,,,,,
MILESTONE,SKY_NETFLIX_CANCELLATION_MLSTN_STAR,Cancelling netflix subcription,5,MILESTONE,SKY_NETFLIX_CANCELLATION_MLSTN_END,Cancelling netflix subcription,4,15554,,,,,
MILESTONE,SKY_ENTITLEMENT_SMARTCARD_START,Entitlement_Smartcard,3,MILESTONE,SKY_ENTITLEMENT_SMARTCARD_END,Entitlement_Smartcard,3,15554,,,,,
MILESTONE,SKY_NETFLIX_MLSTN_START,Netflix,5,MILESTONE,SKY_NETFLIX_MLSTN_END,Netflix,3,15554,,,,,
MILESTONE,SKY_EDG_START,,3,MILESTONE,SKY_EDG_END,,3,15554,,,,,
MILESTONE,SKY_ENTITLEMENT_SKYGO_MLSTN_START,Entitlement_skygo,2,MILESTONE,SKY_ENTITLEMENT_SKYGO_MLSTN_END,Entitlement_skygo,1,15554,,,,,
