PRODUCTID,PRODUCTIDEXT,Class,IMAGE,UOM,CONTAINS,Name,SubClass,SHORTDESC,Long Description,SingleUse,MustComplete,Concurrent Order,Start Date,Start Time,End Date,End Time,Memo,Supporting Document,Standard Delivery,Standard Delivery UOM,Premium Delivery,Premium Delivery UOM,Delivery Type,Contract Length,ContractUOM,Cancellation Period,Record Status,Provide Plan,Update Plan,Cancel Plan,Cease Plan,Affininity Type,AffinityProvide,AffinityCancel,AffinityCease,AffinityUpdate,ImageUrl,Minimum Quantity,Maximum Quantity,Owner,AffinityCondition,AffinityCorrelation,AffinityParentGroup,AffinityActionGroup,AffinityActionValue,GroupNumber,Optional,Project Tag Name,Record Use,Offer Id,IsTemplate,OPDEdition,MODVERSION
"SKY_RESIDENTIAL_ACCESS","","BUNDLE","","","","Residential","","Residential bundle","Product created as Residential bundle","","true","","","","","","","","","","","","","","","","ACTIVE","NON_EXECUTING","NON_EXECUTING","NON_EXECUTING","NON_EXECUTING","","","","","","","","","Sky","","","","","","","","","Commercial","","false","",206
"SKY_ASSET_BP","","CFS","","","","Asset","","Asset provisioning CFS","Manage assets in SF","","true","","","","","","","","","","","","","","","","ACTIVE","NON_EXECUTING","NON_EXECUTING","NON_EXECUTING","NON_EXECUTING","","","","","","","","","Sky","","","","","","","","","Commercial","","false","",31
"SKY_ASSET_TS","","RFS","","","","Asset","","Asset provisioning RFS","Manage assets in SF","","true","","","","","","","","","","","","","","","","ACTIVE","","","","","","","","","","","","","sky","","","","","","","","","Technical","","false","",15
"SKY_SF_SFORDER_TS","","RFS","","","","Order","","SF Order creation RFS","create order in Salesforce","","true","","","","","","","","","","","","","","","","ACTIVE","","","","","","","","","","","","","Sky","","","","","","","","","Technical","","false","",16
"SKY_SHIPPING_TS","","RFS","","","","Shipping","","Shipping provisioning RFS","Trigger shipping and get trackingID and delivery confirmation","","true","","","","","","","","","","","","","","","","ACTIVE","","","","","","","","","","","","","Sky","","","","","","","","","Technical","","false","",11
"SKY_BILLING_BP","","CFS","","","","Billing","","Billing provisioning CFS","Provision billable products","","true","","","","","","","","","","","","","","","","ACTIVE","NON_EXECUTING","NON_EXECUTING","NON_EXECUTING","NON_EXECUTING","","","","","","","","","Sky","","","","","","","","","Commercial","","false","",19
"SKY_SHIPPING_BP","","CFS","","","","Logistics","","Logistics provisioning CFS","Shipping process","","true","","","","","","","","","","","","","","","","ACTIVE","NON_EXECUTING","NON_EXECUTING","NON_EXECUTING","NON_EXECUTING","","","","","","","","","Sky","","","","","","","","","Commercial","","false","",19
"SKY_SFORDER_BP","","CFS","","","","Order","","SF Order creation CFS","SF order requirement requiring accountID","","true","","","","","","","","","","","","","","","","ACTIVE","NON_EXECUTING","NON_EXECUTING","NON_EXECUTING","NON_EXECUTING","","","","","","","","","Sky","","","","","","","","","Commercial","","false","",55
"SKY_B_ACCOUNT_TS","","RFS","","","","Baccount","","Billing account RFS","Query billing account from BRM","","true","","","","","","","","","","","","","","","","ACTIVE","","","","","","","","","","","","","Sky","","","","","","","","","Technical","","false","",6
"SkyQIPBox","","HARDWARE","","","","SkyQIPBox","","SkyQIPBox commercial product","","","true","","","","","","","","","","","","","","","","ACTIVE","NON_EXECUTING","NON_EXECUTING","NON_EXECUTING","NON_EXECUTING","","","","","","","","","sky","","","","","","","","","Technical","","false","",11
"SkyQMinibox","","HARDWARE","","","","QMinibox","","QMinibox commercial product","","","true","","","","","","","","","","","","","","","","ACTIVE","NON_EXECUTING","NON_EXECUTING","NON_EXECUTING","NON_EXECUTING","","","","","","","","","sky","","","","","","","","","Technical","","false","",10
"Multiroom","","CFS","","","","Multiroom","","MULTIROOM commercial product","","","true","","","","","","","","","","","","","","","","ACTIVE","NON_EXECUTING","NON_EXECUTING","NON_EXECUTING","NON_EXECUTING","","","","","","","","","sky","","","","","","","","","Commercial","","false","",7
"Sport","","CFS","","","","Sports","","Sports commercial product","Sports product to enable customer to watch “Sports” content
","","true","","","","","","","","","","","","","","","","ACTIVE","NON_EXECUTING","NON_EXECUTING","NON_EXECUTING","NON_EXECUTING","","","","","","","","","sky","","","","","","","","","Commercial","","false","",6
"Cinema","","CFS","","","","Cinema","","Cinema commercial product","Cinema product to enable customer to watch “Cinema” content
","","true","","","","","","","","","","","","","","","","ACTIVE","NON_EXECUTING","NON_EXECUTING","NON_EXECUTING","NON_EXECUTING","","","","","","","","","sky","","","","","","","","","Commercial","","false","",14
"SkyGoPlus","","CFS","","","","GoPlus","","GoPlus commercial product","GoPlus product to enable customer to watch “GoPlus” content
","","true","","","","","","","","","","","","","","","","ACTIVE","NON_EXECUTING","NON_EXECUTING","NON_EXECUTING","NON_EXECUTING","","","","","","","","","sky","","","","","","","","","Commercial","","false","",4
"NetflixPremium","","CFS","","","","NetflixPremium","","NETFLIX PREMIUM commercial product","Netflix Premium product to enable customer to watch ""NETFLIX PREMIUM"" content","","true","","","","","","","","","","","","","","","","ACTIVE","NON_EXECUTING","NON_EXECUTING","NON_EXECUTING","NON_EXECUTING","","","","","","","","","sky","","","","","","","","","Commercial","","false","",10
"UHD","","CFS","","","","UHD","","UHD commercial product","UHD product to enable customer to watch “UHD” content
","","true","","","","","","","","","","","","","","","","ACTIVE","NON_EXECUTING","NON_EXECUTING","NON_EXECUTING","NON_EXECUTING","","","","","","","","","sky","","","","","","","","","Commercial","","false","",4
"Platform","","CFS","","","","Platform","","PLATFORM commercial product","","","true","","","","","","","","","","","","","","","","ACTIVE","NON_EXECUTING","NON_EXECUTING","NON_EXECUTING","NON_EXECUTING","","","","","","","","","sky","","","","","","","","","Commercial","","false","",6
"LogisticFee","","CFS","","","","LogisticFee","","LogisticFee commercial product","","","true","","","","","","","","","","","","","","","","ACTIVE","NON_EXECUTING","NON_EXECUTING","NON_EXECUTING","NON_EXECUTING","","","","","","","","","sky","","","","","","","","","Commercial","","false","",7
"ActivationFee","","CFS","","","","ActivationFee","","ActivationFee commercial product","","","true","","","","","","","","","","","","","","","","ACTIVE","NON_EXECUTING","NON_EXECUTING","NON_EXECUTING","NON_EXECUTING","","","","","","","","","sky","","","","","","","","","Commercial","","false","",6
"ServiceFee","","CFS","","","","ServiceFee","","ServiceFee commercial product","","","true","","","","","","","","","","","","","","","","ACTIVE","NON_EXECUTING","NON_EXECUTING","NON_EXECUTING","NON_EXECUTING","","","","","","","","","sky","","","","","","","","","Commercial","","false","",3
"SKY_EMAIL_TS","","RFS","","","","","","Email Technical Product","","","true","","","","","","","","","","","","","","","","ACTIVE","","","","","","","","","","","","","sky.email","","","","","","","","","Technical","","false","",44
"SKY_EMAIL_BP","","CFS","","","","SKY_EMAIL_BP","","Email Functional Product","","","true","","","","","","","","","","","","","","","","ACTIVE","NON_EXECUTING","NON_EXECUTING","NON_EXECUTING","NON_EXECUTING","","","","","","","","","sky.email","","","","","","","","","Commercial","","false","",109
"SKY_NETFLIX_BP","","CFS","","","","Netflix","","Netflix commercial product","","","true","","","","","","","","","","","","","","","","ACTIVE","NON_EXECUTING","NON_EXECUTING","NON_EXECUTING","NON_EXECUTING","","","","","","","","","Sky","","","","","","","","","Commercial","","false","",77
"SKY_NETFLIX_CANCELLATION_TS","","RFS","","","","","","Netflix provisioning RFS","","","true","","","","","","","","","","","","","","","","ACTIVE","","","","","","","","","","","","","Sky","","","","","","","","","Technical","","false","",35
"SKY_SF_ACCOUNT_TS","","RFS","","","","Acccount","","Account query RFS","Get account ID from customer","","true","","","","","","","","","","","","","","","","ACTIVE","","","","","","","","","","","","","Sky","","","","","","","","","Technical","","false","",25
"SKY_ENTITLEMENT_TS","","RFS","","","","Entitlement","","Entitlement provisioning RFS","Entitlement provisioning for all products","","true","","","","","","","","","","","","","","","","ACTIVE","","","","","","","","","","","","","Sky","","","","","","","","","Technical","","false","",2
"SKY_DEVICEPAIRING_TS","","RFS","","","","DevicePairing","","DevicePairing provisioning RFS","Pair device with entitlement","","true","","","","","","","","","","","","","","","","ACTIVE","","","","","","","","","","","","","Sky","","","","","","","","","Technical","","false","",3
"SKY_BILLING_TS","","RFS","","","","Billing","","Billing provisioning RFS","Provision billable products","","true","","","","","","","","","","","","","","","","ACTIVE","","","","","","","","","","","","","Sky","","","","","","","","","Technical","","false","",6
"Bundesliga","","CFS","","","","Bundesliga","","Bundesliga commercial product
","Bundesliga product to enable customer to watch “Bundesliga” content
","","true","","","","","","","","","","","","","","","","ACTIVE","NON_EXECUTING","NON_EXECUTING","NON_EXECUTING","NON_EXECUTING","","","","","","","","","sky","","","","","","","","","Commercial","","false","",11
"EntertainmentPlus","","CFS","","","","EnterteinmentPlus","","ENTERTEINMENTPLUS commercial product","EnterteinmentPlus product to enable customer to watch ""ENTERTEINMENTPLUS"" content","","true","","","","","","","","","","","","","","","","ACTIVE","NON_EXECUTING","NON_EXECUTING","NON_EXECUTING","NON_EXECUTING","","","","","","","","","sky","","","","","","","","","Commercial","","false","",20
"SkyQReceiver1","","HARDWARE","","","","QReceiver1","","QReceiver1 product to enable customer to use “QReceiver1” content
","","","true","","","","","","","","","","","","","","","","ACTIVE","NON_EXECUTING","NON_EXECUTING","NON_EXECUTING","NON_EXECUTING","","","","","","","","","sky","","","","","","","","","Technical","","false","",12
"SKY_ENTITLEMENT_BP","","CFS","","","","Entitlement","","Entitlement provisioning CFS","Entitlement provisioning for all products","","true","","","","","","","","","","","","","","","","ACTIVE","NON_EXECUTING","","","","","","","","","","","","Sky","","","","","","","","","Commercial","","false","",2
"Kids","","CFS","","","","Kids","","KIDS commercial product","Kids product to enable customer to watch “KIDS” content","","true","","","","","","","","","","","","","","","","ACTIVE","NON_EXECUTING","NON_EXECUTING","NON_EXECUTING","NON_EXECUTING","","","","","","","","","sky","","","","","","","","","Commercial","","false","",9
"Entertainment","","CFS","","","","Enterteinment","","Enterteinment commercial product","Enterteinment product to enable customer to watch “Enterteinment” content
","","true","","","","","","","","","","","","","","","","ACTIVE","NON_EXECUTING","NON_EXECUTING","NON_EXECUTING","NON_EXECUTING","","","","","","","","","sky","","","","","","","","","Commercial","","false","",11
"SKY_ENTITLEMENT_SKYGO_TS","","RFS","","","","Entitlementskygo","","Entitlement provisioning RFS for Skygo","Entitlement provisioning for Skygo","","true","","","","","","","","","","","","","","","","ACTIVE","","","","","","","","","","","","","Sky","","","","","","","","","Technical","","false","",61
"SKY_ENTITLEMENT_SKYGO_BP","","CFS","","","","EntitlementSkygo","","Entitlement provisioning Skygo CFS","Entitlement provisioning for Skygo","","true","","","","","","","","","","","","","","","","ACTIVE","NON_EXECUTING","NON_EXECUTING","NON_EXECUTING","NON_EXECUTING","","","","","","","","","Sky","","","","","","","","","Commercial","","false","",41
"SKY_NETFLIX_TS","","RFS","","","","Netflix provisioning RFS","","Netflix provisioning RFS","","","true","","","","","","","","","","","","","","","","ACTIVE","","","","","","","","","","","","","Sky","","","","","","","","","Technical","","false","",24
"SKY_ENTITLEMENT_SMARTCARD_TS","","RFS","","","","EntitlementSmartcard","","Entitlement provisioning RFS for Smartcard","Entitlement provisioning RFS for Smartcard","","true","","","","","","","","","","","","","","","","ACTIVE","","","","","","","","","","","","","sky.entitlement","","","","","","","","","Technical","","false","",6
"SKY_ENTITLEMENT_SMARTCARD_BP","","CFS","","","","EntitlementSmartcard","","Entitlement provisioning Smartcard CFS","Entitlement provisioning Smartcard","","true","","","","","","","","","","","","","","","","ACTIVE","NON_EXECUTING","NON_EXECUTING","NON_EXECUTING","NON_EXECUTING","","","","","","","","","sky.entitlement","","","","","","","","","Commercial","","false","",28
"SKY_SETEDG_TS","","RFS","","","","","","EDG technical product","EDG technical product","","true","","","","","","","","","","","","","","","","ACTIVE","","","","","","","","","","","","","sky","","","","","","","","","Technical","","false","",4
"SKY_EDG_BP","","CFS","","","","SKY_EDG_BP","","EDG Functional product","","","true","","","","","","","","","","","","","","","","ACTIVE","NON_EXECUTING","NON_EXECUTING","NON_EXECUTING","NON_EXECUTING","","","","","","","","","sky","","","","","","","","","Commercial","","false","",14
"ServiceFeeIPbox","","CFS","","","","ServiceFeeIPbox","","ServiceFeeIPbox Commercial product ","ServiceFeeIPbox Commercial product 75  Euros","","true","","","","","","","","","","","","","","","","ACTIVE","NON_EXECUTING","NON_EXECUTING","NON_EXECUTING","NON_EXECUTING","","","","","","","","","Sky","","","","","","","","","Commercial","","false","",2
"LogisticFeeMinibox","","CFS","","","","LogisticFeeMinibox","","LogisticFeeMinibox commercial Product","LogisticFeeMinibox commercial Product 12,90 Euros","","true","","","","","","","","","","","","","","","","ACTIVE","NON_EXECUTING","NON_EXECUTING","NON_EXECUTING","NON_EXECUTING","","","","","","","","","Sky","","","","","","","","","Commercial","","false","",2
"ServiceFeeMinibox","","CFS","","","","ServiceFeeMinibox","","ServiceFeeMinibox Commercial product","ServiceFeeMinibox Commercial product 75 Euros","","true","","","","","","","","","","","","","","","","ACTIVE","NON_EXECUTING","NON_EXECUTING","NON_EXECUTING","NON_EXECUTING","","","","","","","","","Sky","","","","","","","","","Commercial","","false","",2
"LogisticFeeIPbox","","CFS","","","","LogisticFeeIPbox","","LogisticFeeIPbox commercial Product ","LogisticFeeIPbox commercial Product 12,90 Euros","","true","","","","","","","","","","","","","","","","ACTIVE","NON_EXECUTING","NON_EXECUTING","NON_EXECUTING","NON_EXECUTING","","","","","","","","","Sky","","","","","","","","","Commercial","","false","",3
"ActivationFeeMinibox","","CFS","","","","ActivationFeeMinibox","","ActivationFeeMinibox Commercial product","ActivationFeeMinibox Commercial product 25 Euros","","true","","","","","","","","","","","","","","","","ACTIVE","NON_EXECUTING","NON_EXECUTING","NON_EXECUTING","NON_EXECUTING","","","","","","","","","Sky","","","","","","","","","Commercial","","false","",2
"ActivationFeeIPbox","","CFS","","","","ActivationFeeIPbox","","ActivationFeeIPbox Commercial product","ActivationFeeIPbox Commercial product 25 Euros","","true","","","","","","","","","","","","","","","","ACTIVE","NON_EXECUTING","NON_EXECUTING","NON_EXECUTING","NON_EXECUTING","","","","","","","","","Sky","","","","","","","","","Commercial","","false","",3
"Trendsports","","CFS","","","","Trendsports","","Trendsports commercial product","Cinema product to enable customer to watch “Trendsports” content
","","true","","","","","","","","","","","","","","","","ACTIVE","NON_EXECUTING","NON_EXECUTING","NON_EXECUTING","NON_EXECUTING","","","","","","","","","sky","","","","","","","","","Commercial","","false","",4
"SkySmartcard","","HARDWARE","","","","SkySmartcard","","SkySmartcard product to enable customer to use ""SkySmartcard"" content","","","true","","","","","","","","","","","","","","","","ACTIVE","NON_EXECUTING","NON_EXECUTING","NON_EXECUTING","NON_EXECUTING","","","","","","","","","sky","","","","","","","","","Technical","","false","",5
