Plan Fragment ID,IDExtension,CONTAINS,Plan Fragment Name,Plan Fragment Version,Owner,Error Handler,Retry Override,Retry Failed,Retry Count,Retry Delay,Description,Class,Project Tag Name,Record Status,Typical Duration,Maximum Duration,Typical Duration UoM,Maximum Duration UoM,MODVERSION
"NON_EXECUTING","","","NON_EXECUTING","1","NONE","","","","","","NON_EXECUTING","Process","","INACTIVE",1,1,,,3
"SKY_ASSET_PLNFRG","","","AssetPlan","V01","sky.asset","ER_PF_ASSET","true","false",3,10000,"Plan for asset provisioning","Process","","ACTIVE","","","","",8
"SKY_SF_ACCOUNT_PLNFRG","","","SFAccountPlan","V01","sky.sfaccount","ER_PF_ACCOUNT","true","false",3,10000,"Plan to get accountId","Process","","ACTIVE","","","","",9
"SKY_SF_SFORDER_PLNFRG","","","SFOrderPlan","V01","sky.sforder","ER_PF_ORDER","true","false",3,10000,"Plan for order creation in SF","Process","","ACTIVE","","","","",9
"SKY_ENTITLEMENT_PLNFRG","","","EntitlementPlan","V01","sky.entitlement","ER_PF_ENTITLEMENT","","","","","Plan for entitlement","Process","","ACTIVE","","","","",2
"SKY_SHIPPING_PLNFRG","","","ShippingPlan","V01","sky.shipping","ER_PF_SHIPPING","true","false",3,10000,"Plan for shipping","Process","","ACTIVE","","","","",3
"SKY_BILLING_PLNFRG","","","BillingPlan","V01","sky.brm","ER_PF_BILLING","true","false",3,10000,"Plan for billing provisioning","Process","","ACTIVE","","","","",8
"SKY_B_ACCOUNT_PLNFRG","","","BillingAccountPlan","V01","sky.brmaccount","ER_PF_BACCOUNT","true","false",3,10000,"Plan to query billing account","Process","","ACTIVE","","","","",7
"SKY_EMAIL_PLNFRG","","","SKY_EMAIL_PLNFRG","V01","sky.email","ER_PF_EMAIL","true","false",3,10000,"Email Plan Fragment","Process","","ACTIVE",0,0,,,9
"SKY_ENTITLEMENT_SKYGO_PLNFRG","","","EntitlementSkygoPlan","V01","sky.entitlementskygo","ER_PF_ENTITLEMENT_SKYGO","true","false",3,10000,"Plan for entitlement Skygo","Process","","ACTIVE",0,0,,,8
"SKY_NETFLIX_CANCELLATION_PLNFRG","","","NETFLIX_CANCELLATION","V01","sky.cancel.netflix","ER_PF_NETFLIX_CANCEL","true","false",3,10000,"Cancelling netflix subcription","Process","","ACTIVE","","","","",10
"SKY_NETFLIX_PLNFRG","","","Netflix plan","V01","sky.netflix","ER_PF_NETFLIX","true","false",3,10000,"Netflix plan","Process","","ACTIVE","","","","",12
"SKY_ENTITLEMENT_SMARTCARD_PLNFRG","","","EntitlementSmartcardPlan","V01","sky.entitlement","ER_PF_SMARTCARD","true","false",3,10000,"Plan for Entitlement Smartcard","Process","","ACTIVE","","","","",16
"SKY_SETEDG_PLNFRG","","","SKY_SETEDG_PLNFRG","V01","sky.setedg","ER_PF_SETEDG","true","false",3,10000,"Plan fragment for EDG","Process","","ACTIVE",0,0,,,14
