parentcatalogName,parentID,parentext,parentVersion,childcatalogName,childID,childext,childVersion,type,Plan Fragment Action Mode,Affinity,Affinity Type,AffinityCondition,AffinityCorrelation,AffinityParentGroup,AffinityActionGroup,AffinityActionValue,Project Tag Name
PRODUCT,SKY_SF_ACCOUNT_TS,,25,PLANFRAGMENT,NON_EXECUTING,,3,15423,,,,,,,,,
PRODUCT,SKY_BILLING_TS,,6,PLANFRAGMENT,SKY_BILLING_PLNFRG,,8,15423,,,,,,,,,
PRODUCT,SKY_EMAIL_TS,,44,PLANFRAGMENT,SKY_EMAIL_PLNFRG,,9,15423,,,,,,,,,
PRODUCT,SKY_ENTITLEMENT_SKYGO_TS,,61,PLANFRAGMENT,SKY_ENTITLEMENT_SKYGO_PLNFRG,,8,15423,,,,,,,,,
PRODUCT,SKY_ASSET_TS,,15,PLANFRAGMENT,SKY_ASSET_PLNFRG,,8,15423,,,,,,,,,
PRODUCT,SKY_SETEDG_TS,,4,PLANFRAGMENT,NON_EXECUTING,,3,15423,,,,,,,,,
PRODUCT,SKY_NETFLIX_TS,,24,PLANFRAGMENT,NON_EXECUTING,,3,15423,,,,,,,,,
PRODUCT,SKY_B_ACCOUNT_TS,,6,PLANFRAGMENT,NON_EXECUTING,,3,15423,,,,,,,,,
PRODUCT,SKY_SF_SFORDER_TS,,16,PLANFRAGMENT,SKY_SF_SFORDER_PLNFRG,,9,15423,,,,,,,,,
PRODUCT,SKY_SHIPPING_TS,,11,PLANFRAGMENT,NON_EXECUTING,,3,15423,,,,,,,,,
PRODUCT,SKY_ENTITLEMENT_SMARTCARD_TS,,6,PLANFRAGMENT,SKY_ENTITLEMENT_SMARTCARD_PLNFRG,,16,15423,,,,,,,,,
PRODUCT,SKY_NETFLIX_CANCELLATION_TS,,35,PLANFRAGMENT,SKY_NETFLIX_CANCELLATION_PLNFRG,,10,15423,,,,,,,,,
