parentcatalogName,parentID,parentext,parentVersion,childcatalogName,childID,childext,childVersion,type,Record Min,Record Max,Start Date,End Date,Sequence,Cease Sequence,Update Sequence,Auto Provision,Action,Project Tag Name,LinkDefinitions,Relationship Offer id,Attribute Based Decomposition
PRODUCT,SKY_ENTITLEMENT_BP,,2,PRODUCT,SKY_ENTITLEMENT_TS,,2,15418,,,,,1,,,"true","","","","",""
PRODUCT,SKY_EMAIL_BP,,109,PRODUCT,SKY_EMAIL_TS,,44,15418,,,,,1,1,1,"true","","","","",""
PRODUCT,SKY_ENTITLEMENT_SKYGO_BP,,41,PRODUCT,SKY_ENTITLEMENT_SKYGO_TS,,61,15418,,,,,1,1,1,"true","","","","",""
PRODUCT,SKY_ENTITLEMENT_SMARTCARD_BP,,28,PRODUCT,SKY_ENTITLEMENT_SMARTCARD_TS,,6,15418,,,,,1,1,,"true","","","","",""
PRODUCT,SKY_ASSET_BP,,31,PRODUCT,SKY_ASSET_TS,,15,15418,,,,,1,1,1,"true","","","","",""
PRODUCT,SKY_EDG_BP,,14,PRODUCT,SKY_SETEDG_TS,,4,15418,,,,,1,,,"true","","","","",""
PRODUCT,SKY_NETFLIX_BP,,77,PRODUCT,SKY_NETFLIX_TS,,24,15418,,,,,1,1,1,"true","","","","",""
PRODUCT,SKY_RESIDENTIAL_ACCESS,,206,PRODUCT,SKY_ASSET_BP,,31,15418,,,,,2,2,2,"true","","","","",""
PRODUCT,SKY_RESIDENTIAL_ACCESS,,206,PRODUCT,SKY_SHIPPING_BP,,19,15418,,,,,1,1,1,"true","","","","",""
PRODUCT,SKY_RESIDENTIAL_ACCESS,,206,PRODUCT,Kids,,9,15418,,,,,,,,,,,,,
PRODUCT,SKY_RESIDENTIAL_ACCESS,,206,PRODUCT,Entertainment,,11,15418,,,,,,,,,,,,,
PRODUCT,SKY_RESIDENTIAL_ACCESS,,206,PRODUCT,SkyQIPBox,,11,15418,,,,,,,,,,,,,
PRODUCT,SKY_RESIDENTIAL_ACCESS,,206,PRODUCT,SkyQMinibox,,10,15418,,,,,,,,,,,,,
PRODUCT,SKY_RESIDENTIAL_ACCESS,,206,PRODUCT,Bundesliga,,11,15418,,,,,,,,,,,,,
PRODUCT,SKY_RESIDENTIAL_ACCESS,,206,PRODUCT,Multiroom,,7,15418,,,,,,,,,,,,,
PRODUCT,SKY_RESIDENTIAL_ACCESS,,206,PRODUCT,Sport,,6,15418,,,,,,,,,,,,,
PRODUCT,SKY_RESIDENTIAL_ACCESS,,206,PRODUCT,EntertainmentPlus,,20,15418,,,,,,,,,,,,,
PRODUCT,SKY_RESIDENTIAL_ACCESS,,206,PRODUCT,Cinema,,14,15418,,,,,,,,,,,,,
PRODUCT,SKY_RESIDENTIAL_ACCESS,,206,PRODUCT,NetflixPremium,,10,15418,,,,,,,,,,,,,
PRODUCT,SKY_RESIDENTIAL_ACCESS,,206,PRODUCT,UHD,,4,15418,,,,,,,,,,,,,
PRODUCT,SKY_RESIDENTIAL_ACCESS,,206,PRODUCT,SkyQReceiver1,,12,15418,,,,,,,,,,,,,
PRODUCT,SKY_RESIDENTIAL_ACCESS,,206,PRODUCT,Platform,,6,15418,,,,,,,,,,,,,
PRODUCT,SKY_RESIDENTIAL_ACCESS,,206,PRODUCT,LogisticFee,,7,15418,,,,,,,,,,,,,
PRODUCT,SKY_RESIDENTIAL_ACCESS,,206,PRODUCT,ActivationFee,,6,15418,,,,,,,,,,,,,
PRODUCT,SKY_RESIDENTIAL_ACCESS,,206,PRODUCT,ServiceFee,,3,15418,,,,,,,,,,,,,
PRODUCT,SKY_RESIDENTIAL_ACCESS,,206,PRODUCT,SKY_EMAIL_BP,,109,15418,,,,,3,3,3,"true","","","","",""
PRODUCT,SKY_RESIDENTIAL_ACCESS,,206,PRODUCT,SKY_ENTITLEMENT_SKYGO_BP,,41,15418,,,,,1,1,1,"true","","","","",""
PRODUCT,SKY_RESIDENTIAL_ACCESS,,206,PRODUCT,SKY_NETFLIX_BP,,77,15418,,,,,1,1,1,"true","","","","",""
PRODUCT,SKY_RESIDENTIAL_ACCESS,,206,PRODUCT,SKY_ENTITLEMENT_SMARTCARD_BP,,28,15418,,,,,1,1,,"true","","","","",""
PRODUCT,SKY_RESIDENTIAL_ACCESS,,206,PRODUCT,SKY_EDG_BP,,14,15418,,,,,1,,,"true","","","","",""
PRODUCT,SKY_RESIDENTIAL_ACCESS,,206,PRODUCT,LogisticFeeMinibox,,2,15418,,,,,,,,,,,,,
PRODUCT,SKY_RESIDENTIAL_ACCESS,,206,PRODUCT,ActivationFeeMinibox,,2,15418,,,,,,,,,,,,,
PRODUCT,SKY_RESIDENTIAL_ACCESS,,206,PRODUCT,ServiceFeeMinibox,,2,15418,,,,,,,,,,,,,
PRODUCT,SKY_RESIDENTIAL_ACCESS,,206,PRODUCT,LogisticFeeIPbox,,3,15418,,,,,,,,,,,,,
PRODUCT,SKY_RESIDENTIAL_ACCESS,,206,PRODUCT,ActivationFeeIPbox,,3,15418,,,,,,,,,,,,,
PRODUCT,SKY_RESIDENTIAL_ACCESS,,206,PRODUCT,ServiceFeeIPbox,,2,15418,,,,,,,,,,,,,
PRODUCT,SKY_RESIDENTIAL_ACCESS,,206,PRODUCT,SkySmartcard,,5,15418,,,,,,,,,,,,,
PRODUCT,SKY_RESIDENTIAL_ACCESS,,206,PRODUCT,Trendsports,,4,15418,,,,,,,,,,,,,
PRODUCT,SKY_NETFLIX_BP,,77,PRODUCT,SKY_NETFLIX_CANCELLATION_TS,,35,15418,,,,,,1,,"true","","","","",""
PRODUCT,SKY_RESIDENTIAL_ACCESS,,206,PRODUCT,SKY_BILLING_BP,,19,15418,,,,,1,1,1,"true","","","","",""
PRODUCT,SKY_BILLING_BP,,19,PRODUCT,SKY_BILLING_TS,,6,15418,,,,,2,1,1,"true","","","","",""
PRODUCT,SKY_BILLING_BP,,19,PRODUCT,SKY_B_ACCOUNT_TS,,6,15418,,,,,1,,,"true","","","","",""
PRODUCT,SKY_SFORDER_BP,,55,PRODUCT,SKY_SF_SFORDER_TS,,16,15418,,,,,2,1,1,"true","","","","",""
PRODUCT,SKY_SFORDER_BP,,55,PRODUCT,SKY_SF_ACCOUNT_TS,,25,15418,,,,,,,,,,,,,
PRODUCT,SKY_SHIPPING_BP,,19,PRODUCT,SKY_SHIPPING_TS,,11,15418,,,,,1,1,1,"true","","","","",""
