parentcatalogName,parentID,parentext,parentVersion,childcatalogName,childID,childext,childVersion,type,Relationship Value,EvaluationPriority,Action,Project Tag Name
PRODUCT,Sport,,6,CHARACTERISTIC,PACKAGE_CODE,,9,15407,"Sport","","",""
PRODUCT,Kids,,9,CHARACTERISTIC,PACKAGE_CODE,,9,15407,"Kids","","",""
PRODUCT,Cinema,,14,CHARACTERISTIC,PACKAGE_CODE,,9,15407,"Cinema","","",""
PRODUCT,Entertainment,,11,CHARACTERISTIC,PACKAGE_CODE,,9,15407,"Entertainment","","",""
PRODUCT,Bundesliga,,11,CHARACTERISTIC,PACKAGE_CODE,,9,15407,"Bundesliga","","",""
PRODUCT,SkyGoPlus,,4,CHARACTERISTIC,PACKAGE_CODE,,9,15407,"SkyGoPlus","","",""
PRODUCT,Multiroom,,7,CHARACTERISTIC,PACKAGE_CODE,,9,15407,"Multiroom","","",""
PRODUCT,SKY_B_ACCOUNT_TS,,6,CHARACTERISTIC,DECOMPOSITION,,31,15407,"exists($var//Product[udf[name=""sky_bRMaccountID"" and value=""""]])","","",""
PRODUCT,EntertainmentPlus,,20,CHARACTERISTIC,NetflixOfferID_Standard,,1,15407,"6ea54006-bda0-46bc-ac03-ef7c230f16ab","","",""
PRODUCT,Trendsports,,4,CHARACTERISTIC,PACKAGE_CODE,,9,15407,"Trendsports","","",""
PRODUCT,NetflixPremium,,10,CHARACTERISTIC,NetflixOfferID_Premium,,1,15407,"62f74144-1e94-4d34-97cb-21c0d6d88293","","",""
PRODUCT,SKY_SF_ACCOUNT_TS,,25,CHARACTERISTIC,DECOMPOSITION,,31,15407,"exists($var//Product[udf[name=""sky_sFaccountID"" and value=""""]])","","",""
PRODUCT,SKY_ENTITLEMENT_SMARTCARD_BP,,28,CHARACTERISTIC,DECOMPOSITION,,31,15407,"not exists($var//Product[name=""LogisticFee""]) and exists($var//Product[name=""Entertainment"" or name=""Kids"" or name=""Bundesliga"" or name=""Sport"" or name=""Cinema"" or name=""UHD"" or name=""Multiroom""])","","",""
PRODUCT,SKY_NETFLIX_CANCELLATION_TS,,35,CHARACTERISTIC,DECOMPOSITION,,31,15407,"exists($var//Product[name='EntertainmentPlus' and udf[name='action_code' and value='CEASE']])","","",""
PRODUCT,SKY_NETFLIX_TS,,24,CHARACTERISTIC,DECOMPOSITION,,31,15407,"exists($var//Product[name='EntertainmentPlus' and udf[name='action_code' and value='PROVIDE']]) or exists($var//Product[name='NetflixPremium' and udf[name='action_code' and value='PROVIDE']]) or exists($var//Product[name='EntertainmentPlus' and udf[name='action_code' and value='UPDATE']]) or exists($var//Product[name='NetflixPremium' and udf[name='action_code' and value='UPDATE']])","","",""
PRODUCT,SKY_NETFLIX_BP,,77,CHARACTERISTIC,DECOMPOSITION,,31,15407,"exists($var//Product[name='EntertainmentPlus' or name='NetflixPremium'])","","",""
PRODUCT,SKY_EDG_BP,,14,CHARACTERISTIC,DECOMPOSITION,,31,15407,"exists($var//Product[name=""Entertainment"" and udf[name=""action_code"" and value=""PROVIDE""]])","","",""
PRODUCT,SKY_SHIPPING_BP,,19,CHARACTERISTIC,DECOMPOSITION,,31,15407,"exists($var//Product[name='SkyQReceiver1' and udf[name='action_code' and value='PROVIDE']])
or 
exists($var//Product[name='SkyQMinibox' and udf[name='action_code' and value='PROVIDE']])
or 
exists($var//Product[name='SkyQIPBox' and udf[name='action_code' and value='PROVIDE']])
or 
exists($var//Product[name='SkySmartcard'and udf[name='action_code' and value='PROVIDE']])","","",""
PRODUCT,SKY_ENTITLEMENT_SKYGO_BP,,41,CHARACTERISTIC,DECOMPOSITION,,31,15407,"exists($var//Product[(name='Entertainment' or name='Kids' or name='Bundesliga' or name='Sport' or name='Cinema' or name='SkyGoPlus' or name='Trendsports' or name='Multiroom')])","","",""
PRODUCT,SKY_SHIPPING_TS,,11,CHARACTERISTIC,DECOMPOSITION,,31,15407,"exists($var//Product[name='SkyQReceiver1' and udf[name='action_code' and value='PROVIDE']])
or 
exists($var//Product[name='SkyQMinibox' and udf[name='action_code' and value='PROVIDE']])
or 
exists($var//Product[name='SkyQIPBox' and udf[name='action_code' and value='PROVIDE']])
or 
exists($var//Product[name='SkySmartcard'and udf[name='action_code' and value='PROVIDE']])","","",""
PRODUCT,SKY_SFORDER_BP,,55,CHARACTERISTIC,DECOMPOSITION,,31,15407,"not exists($var//Product[udf[name=""sky_sourceChannel"" and value=""SF""]])","","",""
