parentID,parentIDExt,childID,childIDExt,parentVersion,childVersion,parentCatalogName,childCatalogName,relationshipName
Kids,,PACKAGE_CODE,,9,9,PRODUCT,CHARACTERISTIC,Characteristic
Cinema,,PACKAGE_CODE,,14,9,PRODUCT,CHARACTERISTIC,Characteristic
Entertainment,,PACKAGE_CODE,,11,9,PRODUCT,CHARACTERISTIC,Characteristic
Bundesliga,,PACKAGE_CODE,,11,9,PRODUCT,CHARACTERISTIC,Characteristic
Sport,,PACKAGE_CODE,,6,9,PRODUCT,CHARACTERISTIC,Characteristic
SkyGoPlus,,PACKAGE_CODE,,4,9,PRODUCT,CHARACTERISTIC,Characteristic
Multiroom,,PACKAGE_CODE,,7,9,PRODUCT,CHARACTERISTIC,Characteristic
EntertainmentPlus,,NetflixOfferID_Standard,,20,1,PRODUCT,CHARACTERISTIC,Characteristic
NetflixPremium,,NetflixOfferID_Premium,,10,1,PRODUCT,CHARACTERISTIC,Characteristic
Trendsports,,PACKAGE_CODE,,4,9,PRODUCT,CHARACTERISTIC,Characteristic
SKY_SF_ACCOUNT_TS,,DECOMPOSITION,,25,31,PRODUCT,CHARACTERISTIC,Characteristic
SKY_ENTITLEMENT_SMARTCARD_BP,,DECOMPOSITION,,28,31,PRODUCT,CHARACTERISTIC,Characteristic
SKY_B_ACCOUNT_TS,,DECOMPOSITION,,6,31,PRODUCT,CHARACTERISTIC,Characteristic
SKY_NETFLIX_CANCELLATION_TS,,DECOMPOSITION,,35,31,PRODUCT,CHARACTERISTIC,Characteristic
SKY_NETFLIX_TS,,DECOMPOSITION,,24,31,PRODUCT,CHARACTERISTIC,Characteristic
SKY_NETFLIX_BP,,DECOMPOSITION,,77,31,PRODUCT,CHARACTERISTIC,Characteristic
SKY_EDG_BP,,DECOMPOSITION,,14,31,PRODUCT,CHARACTERISTIC,Characteristic
SKY_SHIPPING_BP,,DECOMPOSITION,,19,31,PRODUCT,CHARACTERISTIC,Characteristic
SKY_ENTITLEMENT_SKYGO_BP,,DECOMPOSITION,,41,31,PRODUCT,CHARACTERISTIC,Characteristic
SKY_SFORDER_BP,,DECOMPOSITION,,55,31,PRODUCT,CHARACTERISTIC,Characteristic
SKY_SHIPPING_TS,,DECOMPOSITION,,11,31,PRODUCT,CHARACTERISTIC,Characteristic
SKY_ENTITLEMENT_BP,,SKY_ENTITLEMENT_TS,,2,2,PRODUCT,PRODUCT,ProductComprisedOf
SKY_EMAIL_BP,,SKY_EMAIL_TS,,109,44,PRODUCT,PRODUCT,ProductComprisedOf
SKY_ENTITLEMENT_SKYGO_BP,,SKY_ENTITLEMENT_SKYGO_TS,,41,61,PRODUCT,PRODUCT,ProductComprisedOf
SKY_ENTITLEMENT_SMARTCARD_BP,,SKY_ENTITLEMENT_SMARTCARD_TS,,28,6,PRODUCT,PRODUCT,ProductComprisedOf
SKY_ASSET_BP,,SKY_ASSET_TS,,31,15,PRODUCT,PRODUCT,ProductComprisedOf
SKY_EDG_BP,,SKY_SETEDG_TS,,14,4,PRODUCT,PRODUCT,ProductComprisedOf
SKY_NETFLIX_BP,,SKY_NETFLIX_TS,,77,24,PRODUCT,PRODUCT,ProductComprisedOf
SKY_RESIDENTIAL_ACCESS,,SKY_ASSET_BP,,206,31,PRODUCT,PRODUCT,ProductComprisedOf
SKY_RESIDENTIAL_ACCESS,,SKY_SHIPPING_BP,,206,19,PRODUCT,PRODUCT,ProductComprisedOf
SKY_RESIDENTIAL_ACCESS,,Kids,,206,9,PRODUCT,PRODUCT,ProductComprisedOf
SKY_RESIDENTIAL_ACCESS,,Entertainment,,206,11,PRODUCT,PRODUCT,ProductComprisedOf
SKY_RESIDENTIAL_ACCESS,,SkyQIPBox,,206,11,PRODUCT,PRODUCT,ProductComprisedOf
SKY_RESIDENTIAL_ACCESS,,SkyQMinibox,,206,10,PRODUCT,PRODUCT,ProductComprisedOf
SKY_RESIDENTIAL_ACCESS,,Bundesliga,,206,11,PRODUCT,PRODUCT,ProductComprisedOf
SKY_RESIDENTIAL_ACCESS,,Multiroom,,206,7,PRODUCT,PRODUCT,ProductComprisedOf
SKY_RESIDENTIAL_ACCESS,,Sport,,206,6,PRODUCT,PRODUCT,ProductComprisedOf
SKY_RESIDENTIAL_ACCESS,,EntertainmentPlus,,206,20,PRODUCT,PRODUCT,ProductComprisedOf
SKY_RESIDENTIAL_ACCESS,,Cinema,,206,14,PRODUCT,PRODUCT,ProductComprisedOf
SKY_RESIDENTIAL_ACCESS,,NetflixPremium,,206,10,PRODUCT,PRODUCT,ProductComprisedOf
SKY_RESIDENTIAL_ACCESS,,UHD,,206,4,PRODUCT,PRODUCT,ProductComprisedOf
SKY_RESIDENTIAL_ACCESS,,SkyQReceiver1,,206,12,PRODUCT,PRODUCT,ProductComprisedOf
SKY_RESIDENTIAL_ACCESS,,Platform,,206,6,PRODUCT,PRODUCT,ProductComprisedOf
SKY_RESIDENTIAL_ACCESS,,LogisticFee,,206,7,PRODUCT,PRODUCT,ProductComprisedOf
SKY_RESIDENTIAL_ACCESS,,ActivationFee,,206,6,PRODUCT,PRODUCT,ProductComprisedOf
SKY_RESIDENTIAL_ACCESS,,ServiceFee,,206,3,PRODUCT,PRODUCT,ProductComprisedOf
SKY_RESIDENTIAL_ACCESS,,SKY_EMAIL_BP,,206,109,PRODUCT,PRODUCT,ProductComprisedOf
SKY_RESIDENTIAL_ACCESS,,SKY_ENTITLEMENT_SKYGO_BP,,206,41,PRODUCT,PRODUCT,ProductComprisedOf
SKY_RESIDENTIAL_ACCESS,,SKY_NETFLIX_BP,,206,77,PRODUCT,PRODUCT,ProductComprisedOf
SKY_RESIDENTIAL_ACCESS,,SKY_ENTITLEMENT_SMARTCARD_BP,,206,28,PRODUCT,PRODUCT,ProductComprisedOf
SKY_RESIDENTIAL_ACCESS,,SKY_EDG_BP,,206,14,PRODUCT,PRODUCT,ProductComprisedOf
SKY_RESIDENTIAL_ACCESS,,LogisticFeeMinibox,,206,2,PRODUCT,PRODUCT,ProductComprisedOf
SKY_RESIDENTIAL_ACCESS,,ActivationFeeMinibox,,206,2,PRODUCT,PRODUCT,ProductComprisedOf
SKY_RESIDENTIAL_ACCESS,,ServiceFeeMinibox,,206,2,PRODUCT,PRODUCT,ProductComprisedOf
SKY_RESIDENTIAL_ACCESS,,LogisticFeeIPbox,,206,3,PRODUCT,PRODUCT,ProductComprisedOf
SKY_RESIDENTIAL_ACCESS,,ActivationFeeIPbox,,206,3,PRODUCT,PRODUCT,ProductComprisedOf
SKY_RESIDENTIAL_ACCESS,,ServiceFeeIPbox,,206,2,PRODUCT,PRODUCT,ProductComprisedOf
SKY_RESIDENTIAL_ACCESS,,SkySmartcard,,206,5,PRODUCT,PRODUCT,ProductComprisedOf
SKY_RESIDENTIAL_ACCESS,,Trendsports,,206,4,PRODUCT,PRODUCT,ProductComprisedOf
SKY_NETFLIX_BP,,SKY_NETFLIX_CANCELLATION_TS,,77,35,PRODUCT,PRODUCT,ProductComprisedOf
SKY_RESIDENTIAL_ACCESS,,SKY_BILLING_BP,,206,19,PRODUCT,PRODUCT,ProductComprisedOf
SKY_BILLING_BP,,SKY_BILLING_TS,,19,6,PRODUCT,PRODUCT,ProductComprisedOf
SKY_BILLING_BP,,SKY_B_ACCOUNT_TS,,19,6,PRODUCT,PRODUCT,ProductComprisedOf
SKY_SFORDER_BP,,SKY_SF_SFORDER_TS,,55,16,PRODUCT,PRODUCT,ProductComprisedOf
SKY_SFORDER_BP,,SKY_SF_ACCOUNT_TS,,55,25,PRODUCT,PRODUCT,ProductComprisedOf
SKY_SHIPPING_BP,,SKY_SHIPPING_TS,,19,11,PRODUCT,PRODUCT,ProductComprisedOf
SKY_SHIPPING_TS,,SKY_ASSET_BP,,11,31,PRODUCT,PRODUCT,ProductDependsOn
SKY_EMAIL_TS,,SKY_EMAIL_PLNFRG,,44,9,PRODUCT,PLANFRAGMENT,ProductHasCancelPlanFragment
SKY_ENTITLEMENT_SKYGO_TS,,SKY_ENTITLEMENT_SKYGO_PLNFRG,,61,8,PRODUCT,PLANFRAGMENT,ProductHasCancelPlanFragment
SKY_SF_ACCOUNT_TS,,NON_EXECUTING,,25,3,PRODUCT,PLANFRAGMENT,ProductHasCeasePlanFragment
SKY_BILLING_TS,,SKY_BILLING_PLNFRG,,6,8,PRODUCT,PLANFRAGMENT,ProductHasCeasePlanFragment
SKY_EMAIL_TS,,SKY_EMAIL_PLNFRG,,44,9,PRODUCT,PLANFRAGMENT,ProductHasCeasePlanFragment
SKY_ENTITLEMENT_SKYGO_TS,,SKY_ENTITLEMENT_SKYGO_PLNFRG,,61,8,PRODUCT,PLANFRAGMENT,ProductHasCeasePlanFragment
SKY_ASSET_TS,,SKY_ASSET_PLNFRG,,15,8,PRODUCT,PLANFRAGMENT,ProductHasCeasePlanFragment
SKY_SETEDG_TS,,NON_EXECUTING,,4,3,PRODUCT,PLANFRAGMENT,ProductHasCeasePlanFragment
SKY_NETFLIX_TS,,NON_EXECUTING,,24,3,PRODUCT,PLANFRAGMENT,ProductHasCeasePlanFragment
SKY_B_ACCOUNT_TS,,NON_EXECUTING,,6,3,PRODUCT,PLANFRAGMENT,ProductHasCeasePlanFragment
SKY_SF_SFORDER_TS,,SKY_SF_SFORDER_PLNFRG,,16,9,PRODUCT,PLANFRAGMENT,ProductHasCeasePlanFragment
SKY_SHIPPING_TS,,NON_EXECUTING,,11,3,PRODUCT,PLANFRAGMENT,ProductHasCeasePlanFragment
SKY_ENTITLEMENT_SMARTCARD_TS,,SKY_ENTITLEMENT_SMARTCARD_PLNFRG,,6,16,PRODUCT,PLANFRAGMENT,ProductHasCeasePlanFragment
SKY_NETFLIX_CANCELLATION_TS,,SKY_NETFLIX_CANCELLATION_PLNFRG,,35,10,PRODUCT,PLANFRAGMENT,ProductHasCeasePlanFragment
SKY_ENTITLEMENT_TS,,SKY_ENTITLEMENT_PLNFRG,,2,2,PRODUCT,PLANFRAGMENT,ProductHasProvidePlanFragment
SKY_SF_ACCOUNT_TS,,SKY_SF_ACCOUNT_PLNFRG,,25,9,PRODUCT,PLANFRAGMENT,ProductHasProvidePlanFragment
SKY_BILLING_TS,,SKY_BILLING_PLNFRG,,6,8,PRODUCT,PLANFRAGMENT,ProductHasProvidePlanFragment
SKY_EMAIL_TS,,SKY_EMAIL_PLNFRG,,44,9,PRODUCT,PLANFRAGMENT,ProductHasProvidePlanFragment
SKY_ENTITLEMENT_SKYGO_TS,,SKY_ENTITLEMENT_SKYGO_PLNFRG,,61,8,PRODUCT,PLANFRAGMENT,ProductHasProvidePlanFragment
SKY_ASSET_TS,,SKY_ASSET_PLNFRG,,15,8,PRODUCT,PLANFRAGMENT,ProductHasProvidePlanFragment
SKY_SETEDG_TS,,SKY_SETEDG_PLNFRG,,4,14,PRODUCT,PLANFRAGMENT,ProductHasProvidePlanFragment
SKY_NETFLIX_TS,,SKY_NETFLIX_PLNFRG,,24,12,PRODUCT,PLANFRAGMENT,ProductHasProvidePlanFragment
SKY_B_ACCOUNT_TS,,SKY_B_ACCOUNT_PLNFRG,,6,7,PRODUCT,PLANFRAGMENT,ProductHasProvidePlanFragment
SKY_NETFLIX_CANCELLATION_TS,,NON_EXECUTING,,35,3,PRODUCT,PLANFRAGMENT,ProductHasProvidePlanFragment
SKY_SF_SFORDER_TS,,SKY_SF_SFORDER_PLNFRG,,16,9,PRODUCT,PLANFRAGMENT,ProductHasProvidePlanFragment
SKY_ENTITLEMENT_SMARTCARD_TS,,SKY_ENTITLEMENT_SMARTCARD_PLNFRG,,6,16,PRODUCT,PLANFRAGMENT,ProductHasProvidePlanFragment
SKY_SHIPPING_TS,,SKY_SHIPPING_PLNFRG,,11,3,PRODUCT,PLANFRAGMENT,ProductHasProvidePlanFragment
SKY_BILLING_TS,,SKY_BILLING_PLNFRG,,6,8,PRODUCT,PLANFRAGMENT,ProductHasUpdatePlanFragment
SKY_EMAIL_TS,,SKY_EMAIL_PLNFRG,,44,9,PRODUCT,PLANFRAGMENT,ProductHasUpdatePlanFragment
SKY_ENTITLEMENT_SKYGO_TS,,SKY_ENTITLEMENT_SKYGO_PLNFRG,,61,8,PRODUCT,PLANFRAGMENT,ProductHasUpdatePlanFragment
SKY_ASSET_TS,,SKY_ASSET_PLNFRG,,15,8,PRODUCT,PLANFRAGMENT,ProductHasUpdatePlanFragment
SKY_SETEDG_TS,,SKY_SETEDG_PLNFRG,,4,14,PRODUCT,PLANFRAGMENT,ProductHasUpdatePlanFragment
SKY_NETFLIX_TS,,SKY_NETFLIX_PLNFRG,,24,12,PRODUCT,PLANFRAGMENT,ProductHasUpdatePlanFragment
SKY_B_ACCOUNT_TS,,NON_EXECUTING,,6,3,PRODUCT,PLANFRAGMENT,ProductHasUpdatePlanFragment
SKY_NETFLIX_CANCELLATION_TS,,NON_EXECUTING,,35,3,PRODUCT,PLANFRAGMENT,ProductHasUpdatePlanFragment
SKY_SF_SFORDER_TS,,SKY_SF_SFORDER_PLNFRG,,16,9,PRODUCT,PLANFRAGMENT,ProductHasUpdatePlanFragment
SKY_SHIPPING_TS,,NON_EXECUTING,,11,3,PRODUCT,PLANFRAGMENT,ProductHasUpdatePlanFragment
SKY_ENTITLEMENT_SMARTCARD_TS,,SKY_ENTITLEMENT_SMARTCARD_PLNFRG,,6,16,PRODUCT,PLANFRAGMENT,ProductHasUpdatePlanFragment
