ID,PRODUCTIDEXT,Short Description,Class,IMAGE,UOM,CONTAINS,SubClass,Display Sequence,Name,Mandatory,Default Value,Source,Data Type,Input Length,Is this Feature Chargeable,Record Status,RangeValue,Persist Value in the Subscriber Inventory,Project Tag Name,Offer Id,Synonyms,Autocomplete,SpellSuggestionTerm,isFullSearchable,MODVERSION
"DECOMPOSITION","","Condition","Input","","","","","","DECOMPOSITION","","","","Boolean","","","ACTIVE","","","","","","","","",31
"PACKAGE_CODE","","condition that returns the package code of a product","Feature","","","","","","","","","","","","","ACTIVE","","","","","","","","",9
"NetflixOfferID","","Offer Id for Netflix","Input","","","","","","NetflixOfferID","","","","String","","","ACTIVE","","","","","","","","",5
"NetflixOfferID_Standard","","Netflix Standard offerId","","","","","","","NetflixOfferID","","","","","","","ACTIVE","","","","","","","","",1
"NetflixOfferID_Premium","","Netflix premium offerId","Input","","","","","","NetflixOfferID","","","","","","","ACTIVE","","","","","","","","",1
